{
    "1": {
        "contrast": {
            "b": 0.192,
            "g": 0.161,
            "r": -0.381
        },
        "covariance_matrix": [
            [
                0.000277742897741565,
                0.0005832962691333083,
                0.00013266668604757078
            ],
            [
                0.0005832962691333083,
                0.0030860264054302757,
                0.0007943288765596382
            ],
            [
                0.0001326666860475709,
                0.0007943288765596385,
                0.0039005900782184922
            ]
        ]
    }
}