{
    "1": {
        "contrast": {
            "b": 0.2,
            "g": 0.16,
            "r": -0.353
        },
        "covariance_matrix": [
            [
                0.0011618027313620963,
                0.0016053269361709732,
                0.0002682555464492682
            ],
            [
                0.0016053269361709737,
                0.003370729531164167,
                0.0009230385376043435
            ],
            [
                0.00026825554644927083,
                0.0009230385376043453,
                0.004619992558624075
            ]
        ]
    }
}
